id,y_true,y_pred
7591,23080.0,19683.96928015734
7592,30327.0,32819.4944025268
7593,11874.0,13195.149899778104
7594,22316.0,21431.958256373284
7595,43502.0,42575.69811292519
7596,28344.0,31592.233431261982
7597,35354.0,32715.379932974694
7598,12279.0,11616.52886234599
7599,16238.0,24357.557501775333
7600,32444.0,30326.749279970136
7601,23485.0,26972.671780876113
7602,29909.0,33212.89325890287
7603,25042.0,27599.12368450527
7604,23867.0,28771.70350693847
7605,52696.0,37193.54307054463
7606,21067.0,28725.975396531296
7607,35776.0,37911.121672761234
7608,17524.0,18051.840792753224
7609,24166.0,30586.77158233199
7610,17887.0,16400.5046507854
7611,24229.0,30800.823047457783
7612,32247.0,32888.136220758715
7613,41332.0,33687.12001596134
7614,29893.0,28537.833331732396
7615,20243.0,20892.25394543574
7616,18907.0,23612.31235751594
7617,24316.0,21942.589125000857
7618,49729.0,48452.163498168506
7619,12451.0,13421.305552489093
7620,26329.0,27810.70752037513
7621,49410.0,34415.64482241921
7622,29661.0,30472.894072176852
7623,27912.0,32819.4944025268
7624,12306.0,12250.967392531096
7625,26348.0,25334.520252658273
7626,21970.0,31523.189119909304
7627,38118.0,36243.57619653748
7628,22349.0,21164.2569021708
7629,12040.0,12250.967392531096
7630,18159.0,22044.64085133578
7631,36646.0,36790.07040506908
7632,38183.0,32222.939918257784
7633,30961.0,33220.54492763896
7634,16648.0,15896.73045451056
7635,22104.0,23956.04270207939
7636,26055.0,32496.99572552862
7637,17951.0,20645.23983658006
7638,38688.0,33760.27246544905
7639,50414.0,42575.69811292519
7640,47454.0,45564.50861392366
7641,26336.0,24860.4415654094
7642,48440.0,41397.76017140669
7643,24139.0,21858.06871146583
7644,25563.0,23986.31310224168
7645,16602.0,14963.3952943912
7646,23948.0,24141.920406642188
7647,23216.0,23956.04270207939
7648,9512.0,11151.082122932628
7649,24230.0,26552.08805412949
7650,30502.0,28471.7767231481
7651,15585.0,14820.260340628214
7652,18185.0,22789.521736546638
7653,55533.0,46510.0367133778
7654,35322.0,31842.3212638797
7655,18761.0,18051.840792753224
7656,32319.0,33871.40827082649
7657,27627.0,26619.346952264037
7658,22615.0,32191.172882749634
7659,28092.0,28308.302080529593
7660,19726.0,22369.666284091898
7661,25840.0,22348.182366745525
7662,54398.0,44263.83731959708
7663,38918.0,33679.79038996289
7664,34236.0,32771.76643814224
7665,23303.0,32666.84394249792
7666,30001.0,30009.99685675805
7667,32464.0,34973.53939348755
7668,29862.0,27320.32789858872
7669,19768.0,23950.113959197006
7670,53367.0,50878.27192811356
7671,19151.0,22369.666284091898
7672,39194.0,34369.98100234445
7673,22540.0,22178.968875398175
7674,29921.0,32155.651123510237
7675,10098.0,13398.724651101547
7676,40677.0,33151.19326488107
7677,10522.0,22935.24674350502
7678,18020.0,18051.840792753224
7679,21694.0,20282.762082446185
7680,13839.0,15750.555046563442
7681,16167.0,15998.552646407541
7682,12817.0,13984.113817016325
7683,35969.0,28012.07833546329
7684,23340.0,24764.005229120798
7685,18966.0,21566.968377455883
7686,31935.0,33405.14933339662
7687,25473.0,21586.492152262203
7688,32974.0,30458.534710627286
7689,27258.0,31299.726678851228
7690,14172.0,15750.555046563442
7691,20299.0,26288.66164620647
7692,21674.0,22655.198645716737
7693,13140.0,14203.108890481977
7694,26210.0,34205.21599029695
7695,35529.0,32531.54878382979
7696,50958.0,39391.886131916384
7697,29383.0,31902.30233508574
7698,7808.0,7955.442230974495
7699,17970.0,15750.555046563442
7700,29295.0,27524.425546460152
7701,29245.0,31299.726678851228
7702,24784.0,15567.009784355268
7703,56234.0,41397.76017140669
7704,25521.0,32677.685259974565
7705,14859.0,15693.060841333629
7706,24229.0,31601.081206125345
7707,27603.0,26344.705176166048
7708,13431.0,13422.112389580108
7709,46267.0,52328.31518504558
7710,12777.0,13890.44887798083
7711,7533.0,24638.036481025283
7712,32063.0,31665.857786014614
7713,17450.0,19553.27775206409
7714,30955.0,29256.918002657363
7715,32974.0,31534.159266954437
7716,31599.0,27718.544534626348
7717,27839.0,26383.052690536642
7718,12550.0,12250.967392531096
7719,32879.0,26975.78204833981
7720,32004.0,30934.938221396093
7721,21983.0,22388.53461106057
7722,32569.0,36133.648708407185
7723,40788.0,36251.432505351826
7724,6109.0,17250.538152079404
7725,50097.0,42174.43738045217
7726,27838.0,27891.949646464647
7727,22946.0,27444.644888570565
7728,29849.0,28771.70350693847
7729,39948.0,42772.858226675984
7730,25578.0,23155.089448186187
7731,15070.0,12643.836177767269
7732,24920.0,23792.394107970315
7733,21465.0,29907.417632535133
7734,37438.0,33211.2725992566
7735,36651.0,33430.02972680803
7736,34145.0,31875.11704840582
7737,20154.0,22105.40188912179
7738,24842.0,23956.04270207939
7739,33824.0,34034.21347620436
7740,19090.0,18031.574282709127
7741,11522.0,13022.58344141271
7742,29934.0,31443.084728643313
7743,27251.0,30133.96428953504
7744,30139.0,33104.97488104299
7745,27630.0,27093.90366364222
7746,28561.0,16749.217112672115
7747,36672.0,34488.67298253256
7748,32860.0,30163.95251144848
7749,12044.0,12250.967392531096
7750,31376.0,23825.471550957984
7751,23014.0,23871.276280846403
7752,31469.0,28477.48745938473
7753,24861.0,24650.733167895894
7754,52432.0,45629.33294129193
7755,20097.0,21942.589125000857
7756,32173.0,31299.726678851228
7757,40582.0,39345.25077106227
7758,27586.0,26606.601416361416
7759,34068.0,35879.74406395514
7760,15813.0,15896.73045451056
7761,11982.0,11051.451752303252
7762,15919.0,23195.76587010237
7763,23818.0,22125.84864267488
7764,14893.0,16725.208525344966
7765,43249.0,40226.36911452915
7766,30550.0,32435.34045391708
7767,26378.0,28331.446278169282
7768,26796.0,20722.58567551871
7769,48527.0,36862.616331025536
7770,9124.0,12250.967392531096
7771,32819.0,35965.98056894536
7772,12118.0,13195.149899778104
7773,25572.0,24375.938436181856
7774,34492.0,38090.45832149336
7775,28032.0,31987.251392350394
7776,35059.0,30872.76021446813
7777,18550.0,33724.01426320414
7778,13670.0,12971.931783503942
7779,44502.0,46510.0367133778
7780,37399.0,33814.31023922405
7781,12066.0,12898.56322934229
7782,28518.0,30379.932311700395
7783,30551.0,30163.95251144848
7784,41714.0,34212.26240348744
7785,14268.0,14715.742696430038
7786,14525.0,12880.51776401009
7787,29768.0,18298.644198471546
7788,28926.0,30194.348272861644
7789,29167.0,33272.92992399722
7790,20431.0,24650.733167895894
7791,37319.0,39883.41764360975
7792,18891.0,17233.77806246507
7793,22821.0,21831.741980434068
7794,49588.0,45161.230871252104
7795,22992.0,25334.520252658273
7796,25591.0,30051.40781325145
7797,29683.0,34565.81824360393
7798,25393.0,22443.474491771965
7799,27105.0,26383.052690536642
7800,23441.0,25308.59851742676
7801,38342.0,39536.2375284189
7802,42775.0,32424.127401230424
7803,29670.0,26972.671780876113
7804,17242.0,21566.968377455883
7805,13712.0,14142.82086515267
7806,29523.0,31592.233431261982
7807,23846.0,26606.601416361416
7808,35436.0,32266.193606258108
7809,50688.0,52328.31518504558
7810,18293.0,16725.208525344966
7811,19414.0,28721.17615459784
7812,19999.0,35139.95840208428
7813,46243.0,73371.36202756892
7814,19575.0,23401.716269876182
7815,38923.0,32856.480904198805
7816,16298.0,15750.555046563442
7817,25697.0,23792.394107970315
7818,29685.0,26977.271482810997
7819,34903.0,35147.459314659165
7820,21994.0,26881.991092737597
7821,41418.0,32788.758477816016
7822,13373.0,15750.555046563442
7823,42944.0,40778.24973951915
7824,15020.0,15998.552646407541
7825,28649.0,32285.28684905833
7826,10889.0,12250.967392531096
7827,15627.0,14456.673159609554
7828,12283.0,13398.724651101547
7829,18028.0,16181.90516273663
7830,27383.0,26266.263702819622
7831,43030.0,33401.174036985205
7832,45400.0,47558.50999337179
7833,30964.0,33272.92992399722
7834,57452.0,50878.27192811356
7835,31437.0,30911.186702627107
7836,18676.0,18031.574282709127
7837,29987.0,29524.60906464896
7838,21052.0,26266.263702819622
7839,34893.0,33073.31429053451
7840,18215.0,21251.99662636169
7841,17021.0,19781.75865588063
7842,37782.0,33050.13127872285
7843,37663.0,33769.282302118
7844,38683.0,34576.97444393435
7845,17013.0,21831.741980434068
7846,30742.0,27244.215565369883
7847,17429.0,15998.552646407541
7848,23489.0,20766.948220145638
7849,37334.0,34973.53939348755
7850,17530.0,19783.921053426297
7851,34836.0,35067.17530685293
7852,35811.0,35209.69870997344
7853,14912.0,15655.99719021827
7854,21542.0,20766.948220145638
7855,28334.0,24425.287956317286
7856,45178.0,47558.50999337179
7857,30884.0,33212.89325890287
7858,27105.0,25308.59851742676
7859,28436.0,25930.965037781727
7860,33445.0,34973.53939348755
7861,32842.0,35145.69604729172
7862,33427.0,32332.606643938525
7863,19937.0,19553.27775206409
7864,27857.0,31509.695881509128
7865,20112.0,21164.2569021708
7866,29612.0,33154.81315460419
7867,20436.0,22178.968875398175
7868,31447.0,33405.14933339662
7869,38252.0,32951.82813514965
7870,24562.0,23402.880532224768
7871,19462.0,20908.010016426077
7872,16204.0,15896.73045451056
7873,36604.0,34881.910783013765
7874,29892.0,23402.880532224768
7875,24818.0,24722.474499426015
7876,33309.0,29402.09750080253
7877,19647.0,22806.616197241823
7878,48630.0,45629.33294129193
7879,12525.0,11912.035620980198
7880,35585.0,32527.502277601325
7881,35989.0,34948.96190066842
7882,28484.0,33170.9277106782
7883,32282.0,30967.08302931396
7884,24504.0,23792.394107970315
7885,12744.0,16027.832771574023
7886,26993.0,29658.775990941467
7887,7446.0,7955.442230974495
7888,45204.0,34873.03133393118
7889,25277.0,22105.40188912179
7890,10454.0,12548.88329272414
7891,36755.0,31868.776002657763
7892,39257.0,36862.616331025536
7893,22109.0,22443.474491771965
7894,12556.0,14909.831129923738
7895,33258.0,34145.48662570738
7896,26756.0,31987.251392350394
7897,33467.0,31166.401476948726
7898,20015.0,23792.394107970315
7899,21394.0,22369.666284091898
7900,17484.0,18031.574282709127
7901,14090.0,16443.339611111114
7902,20874.0,16038.699113290484
7903,28956.0,33105.8152668424
7904,30632.0,30278.753450136297
7905,16224.0,15461.415527050709
7906,26566.0,24168.74046680258
7907,23039.0,26288.66164620647
7908,21135.0,21215.371639504552
7909,26591.0,16749.217112672115
7910,28632.0,28573.712089407672
7911,32685.0,26050.173003074684
7912,43601.0,34873.03133393118
7913,49957.0,37193.54307054463
7914,20493.0,23555.147348502098
7915,30149.0,33492.38727557834
7916,17371.0,15360.91506815523
7917,27471.0,31009.792359379666
7918,33334.0,35824.09777749991
7919,27713.0,33208.3909038503
7920,39719.0,36990.06583833034
7921,21027.0,23792.394107970315
7922,21372.0,30501.807654606164
7923,40223.0,46510.0367133778
7924,14886.0,15433.958187500008
7925,23120.0,29989.497270345935
7926,41544.0,32873.270979202294
7927,18348.0,22369.666284091898
7928,14241.0,16725.208525344966
7929,26404.0,28573.712089407672
7930,32137.0,33212.89325890287
7931,28705.0,25358.153067839597
7932,25293.0,26619.346952264037
7933,24243.0,32938.573478431834
7934,38412.0,34536.706140706985
7935,35031.0,33654.7214677929
7936,21046.0,21566.968377455883
7937,17057.0,15551.57361682299
7938,21266.0,23792.394107970315
7939,26032.0,23257.456792878962
7940,22178.0,23280.233533445844
7941,24412.0,23612.31235751594
7942,34968.0,33654.7214677929
7943,27990.0,21431.228438137485
7944,25815.0,29445.974225821043
7945,35621.0,32919.37260200099
7946,28806.0,33170.9277106782
7947,28276.0,33578.90186551202
7948,18538.0,23311.926803288996
7949,32555.0,33117.61935740889
7950,31724.0,31838.349812199256
7951,15217.0,15412.645959005773
7952,23429.0,22069.51064330678
7953,43564.0,24913.07034080299
7954,23450.0,23792.394107970315
7955,33384.0,29402.09750080253
7956,23823.0,25796.119796276453
7957,30164.0,29961.424051587303
7958,24974.0,23956.04270207939
7959,14367.0,13688.100315976852
7960,32722.0,25796.119796276453
7961,23770.0,26383.052690536642
7962,41852.0,32318.706841998006
7963,54381.0,49877.707068935466
7964,30271.0,28331.446278169282
7965,3167.0,42772.858226675984
7966,30521.0,30967.08302931396
7967,7649.0,11716.478295394663
7968,52455.0,38496.989596563064
7969,37696.0,33212.89325890287
7970,32273.5,22069.51064330678
7971,32721.0,34484.092576802504
7972,10046.0,13398.724651101547
7973,19302.0,22129.510273809527
7974,17195.0,20166.78187672083
7975,15580.0,16027.832771574023
7976,39890.0,42772.858226675984
7977,22817.0,22125.84864267488
7978,23873.0,26619.346952264037
7979,11182.0,11835.771179285459
7980,22001.0,21042.344319902313
7981,29448.0,33492.38727557834
7982,10282.0,14715.742696430038
7983,13203.0,15003.104348905536
7984,37451.0,31923.265
7985,28860.0,33578.90186551202
7986,42669.0,47558.50999337179
7987,15239.0,14438.223088376904
7988,39371.0,34565.81824360393
7989,18612.0,23401.716269876182
7990,30175.0,27093.90366364222
7991,22287.0,27093.90366364222
7992,28399.0,32496.99572552862
7993,37791.0,28120.285067648514
7994,30415.0,28331.446278169282
7995,62500.0,39785.30232360511
7996,36831.0,32264.411699574164
7997,30567.0,28202.30378882644
7998,22067.0,13610.747786986403
7999,19302.0,23311.926803288996
8000,19912.0,23792.394107970315
8001,16661.0,14804.501007412779
8002,35239.0,34035.00286942188
8003,25803.0,24527.229902233015
8004,23055.0,28418.71565408998
8005,22358.0,21280.07278211518
8006,35000.0,33401.174036985205
8007,35878.0,36990.06583833034
8008,19059.0,28331.446278169282
8009,34264.0,29556.493186165102
8010,38236.0,33769.282302118
8011,6240.0,23979.144476500205
8012,22905.0,32191.172882749634
8013,37700.0,40394.49636454366
8014,13842.0,16027.832771574023
8015,12943.0,13101.289249844009
8016,14417.0,14837.117832304142
8017,31449.0,33405.14933339662
8018,24056.0,21164.2569021708
8019,45600.0,42772.858226675984
8020,29405.0,31969.72177249533
8021,19647.0,15693.060841333629
8022,32182.0,28454.469217825095
8023,22077.0,24375.938436181856
8024,24561.0,24475.112539817725
8025,39808.0,33769.282302118
8026,25874.0,22129.510273809527
8027,18414.0,16725.208525344966
8028,42260.0,37911.121672761234
8029,11810.0,12548.88329272414
8030,24480.0,23400.63367728342
8031,29040.0,33105.8152668424
8032,42623.0,34576.97444393435
8033,29909.0,28573.712089407672
8034,25698.0,24721.77505388864
8035,6810.0,11716.478295394663
8036,20900.0,21431.958256373284
8037,25317.0,25289.221437425163
8038,30022.0,26048.595034743295
8039,27916.0,32844.331098458504
8040,39845.0,42772.858226675984
8041,17322.0,15804.89098603345
8042,12784.0,13890.44887798083
8043,30642.0,36790.07040506908
8044,50534.0,47234.97789922308
8045,28870.0,30362.14362967312
8046,33334.0,24370.886574518772
8047,31157.0,33163.12636102157
8048,28658.0,27399.834370432567
8049,10274.0,22291.10001220711
8050,25545.0,23792.394107970315
8051,11270.0,12250.967392531096
8052,21143.0,20166.78187672083
8053,36828.0,35759.827933232875
8054,17503.0,16076.646219578073
8055,40340.0,34739.67393619207
8056,27829.0,27399.834370432567
8057,13693.0,17791.12931769664
8058,44334.0,44329.25531063086
8059,29993.0,31166.401476948726
8060,22770.0,25122.33059616959
8061,20528.0,28181.921992331023
8062,21811.0,27093.90366364222
8063,17207.0,15804.89098603345
8064,44113.0,39785.30232360511
8065,33933.0,33654.7214677929
8066,15702.0,15750.555046563442
8067,42900.0,34866.20774388828
8068,23238.0,24192.5259915867
8069,30820.0,26321.989844686646
8070,18104.0,18051.840792753224
8071,30851.0,31838.349812199256
8072,26350.0,23979.144476500205
8073,39773.0,32888.136220758715
8074,22554.0,22806.616197241823
8075,31969.0,33924.19144086485
8076,28430.0,24192.5259915867
8077,34973.0,32527.502277601325
8078,29684.0,30354.649732932394
8079,31751.0,34271.162833333336
8080,46179.0,52328.31518504558
8081,41656.0,35809.67635768212
8082,23947.0,34180.09463945921
8083,28895.0,26977.271482810997
8084,30753.0,32839.648910764874
8085,28322.0,26972.671780876113
8086,34012.0,33760.27246544905
8087,15268.0,15412.645959005773
8088,18082.0,14952.945168451954
8089,19287.0,22369.666284091898
8090,29700.0,25570.63092003427
8091,26387.0,23462.12281679503
8092,25416.0,28202.30378882644
8093,35905.0,28947.757941482803
8094,14136.0,15356.532640532569
8095,28738.0,30704.4080910006
8096,25964.0,26266.263702819622
8097,38268.0,34565.81824360393
8098,27406.0,28445.77210619016
8099,40047.0,33955.36072524436
8100,25372.0,26977.271482810997
8101,39350.0,32788.37515061521
8102,27525.0,24160.59269337665
8103,41710.0,33679.79038996289
8104,42095.0,40964.489440374964
8105,46214.0,47558.50999337179
8106,28664.0,26198.885866957273
8107,30208.0,34626.85107516124
8108,11819.0,12401.932870514553
8109,12871.0,12898.56322934229
8110,11989.0,11912.035620980198
8111,43377.0,43070.804363199735
8112,20114.0,22369.666284091898
8113,27186.0,29423.08068943736
8114,23646.0,27093.90366364222
8115,46570.0,30379.932311700395
8116,16463.0,15750.555046563442
8117,17238.0,15896.73045451056
8118,26531.0,27603.146640541563
8119,13176.0,32256.768845288967
8120,26518.0,29864.03033200738
8121,36852.0,31786.161006537943
8122,32940.0,31842.3212638797
8123,30430.0,27244.215565369883
8124,27598.0,26182.46518312248
8125,47420.0,41352.81985911337
8126,21090.0,26491.68706578552
8127,33243.0,27817.267973468744
8128,21956.0,24357.557501775333
8129,23319.0,30883.48191511174
8130,21500.0,24141.920406642188
8131,36082.0,34565.81824360393
8132,32330.0,31665.857786014614
8133,30196.0,28926.932062409807
8134,34578.0,32496.99572552862
8135,27395.0,30478.297572313564
8136,39413.0,34517.87717498756
8137,10547.0,12548.88329272414
8138,44445.0,46510.0367133778
8139,30653.0,29787.243935613446
8140,24845.0,26972.671780876113
8141,47050.0,49877.707068935466
8142,23383.0,21566.968377455883
8143,27047.0,27718.544534626348
8144,18878.0,18031.574282709127
8145,30922.0,31788.178600959844
8146,38736.0,34907.218675808166
8147,42456.0,41220.8093804981
8148,29200.0,28376.826441116253
8149,22964.0,25308.59851742676
8150,8860.0,14237.103486053004
8151,43086.0,35669.16460080705
8152,32526.0,33405.14933339662
8153,17875.0,16737.21368962936
8154,36691.0,33212.89325890287
8155,12811.0,15693.060841333629
8156,19562.0,23402.880532224768
8157,25493.0,31601.081206125345
8158,33973.0,32764.27400211518
8159,31579.0,33212.89325890287
8160,18761.0,19745.273642159253
8161,41039.0,36434.76485127081
8162,9861.0,10874.088207126213
8163,37404.0,31902.30233508574
8164,29650.0,31592.233431261982
8165,13523.0,13421.305552489093
8166,18593.0,18051.840792753224
8167,22483.0,19553.27775206409
8168,31557.0,26930.783251592373
8169,31364.0,33211.2725992566
8170,26888.0,33050.13127872285
8171,29638.0,28573.712089407672
8172,28886.0,34244.48821189012
8173,24387.0,26444.86978528529
8174,24012.0,19844.53706195151
8175,54394.0,52328.31518504558
8176,34628.0,37777.23060835631
8177,38156.0,39953.498550979166
8178,31317.0,26344.705176166048
8179,18801.0,21164.2569021708
8180,30995.0,33769.282302118
8181,18739.0,16725.208525344966
8182,14101.0,12898.56322934229
8183,35415.0,40394.49636454366
8184,25608.0,26632.973931902285
8185,20157.0,21942.589125000857
8186,22901.0,22105.40188912179
8187,32016.0,34948.96190066842
8188,20500.0,21251.99662636169
8189,11387.0,11827.70008116883
8190,32977.0,30424.697492381245
8191,31493.0,33492.38727557834
8192,48815.0,52328.31518504558
8193,37133.0,29402.09750080253
8194,17240.0,18051.840792753224
8195,22200.0,23792.394107970315
8196,38020.0,34932.310721921436
8197,19950.0,26619.346952264037
8198,11689.0,12548.88329272414
8199,26280.0,30549.22228222581
8200,14690.0,18051.840792753224
8201,54979.0,55098.0387905839
8202,52596.0,44869.36165905801
8203,30592.0,27702.266405714494
8204,48266.0,39883.41764360975
8205,19882.0,21066.98020500172
8206,32866.0,33475.43544693378
8207,11977.0,13398.724651101547
8208,15099.0,14909.831129923738
8209,22964.0,27718.544534626348
8210,12089.0,11051.451752303252
8211,39466.0,25779.359260638794
8212,48769.0,45564.50861392366
8213,24063.0,31487.210054002768
8214,17515.0,18051.840792753224
8215,25701.0,26881.991092737597
8216,21031.0,23195.76587010237
8217,27180.0,25828.192357059033
8218,26133.0,19683.96928015734
8219,49249.0,52328.31518504558
8220,12493.0,12898.56322934229
8221,42151.0,33212.89325890287
8222,18282.0,22577.535879599815
8223,31942.0,30886.006055633454
8224,13666.0,13761.054012701437
8225,28156.0,30299.722162080543
8226,41924.0,42772.858226675984
8227,19220.0,25122.33059616959
8228,20413.0,25540.09011941862
8229,30396.0,32956.67622221305
8230,23009.0,26039.251845810446
8231,42364.0,44329.25531063086
8232,21427.0,23401.716269876182
8233,15083.0,21904.778557762358
8234,38675.0,32256.768845288967
8235,27778.0,33272.92992399722
8236,28230.0,29369.186031221747
8237,25205.0,27718.544534626348
8238,22852.0,35868.7157154096
8239,32112.0,30348.664736011393
8240,14323.0,17225.37822714959
8241,17364.0,15998.552646407541
8242,17944.0,21066.98020500172
8243,32291.0,38773.489931132106
8244,14522.0,12488.380424242863
8245,21499.0,22069.51064330678
8246,16567.0,16725.208525344966
8247,45099.0,37773.778902193575
8248,51145.0,42575.69811292519
8249,16024.0,14203.108890481977
8250,31902.0,37777.23060835631
8251,16334.0,13422.112389580108
8252,12638.0,15750.555046563442
8253,20569.0,24357.557501775333
8254,33068.0,30037.529949579293
8255,24549.0,23986.31310224168
8256,23854.0,32678.422721884283
8257,13870.0,11827.70008116883
8258,42380.0,35709.68035094728
8259,21603.0,22758.94628587719
8260,33395.0,33166.71397739428
8261,42304.0,29626.652587133038
8262,24677.0,26134.771047167047
8263,32794.0,33654.7214677929
8264,21209.0,21586.492152262203
8265,43827.0,33107.530497455584
8266,6800.0,10371.374620305265
8267,22593.0,26619.346952264037
8268,34189.0,29742.45047436699
8269,37042.0,30478.297572313564
8270,59211.0,79323.8411856954
8271,26471.0,23948.40385722232
8272,39591.0,33151.19326488107
8273,33422.0,27762.654889809284
8274,10827.0,14943.499202075705
8275,28651.0,30458.534710627286
8276,10695.0,11051.451752303252
8277,31017.0,29589.956356647843
8278,30719.0,30163.95251144848
8279,25749.0,25487.35175702493
8280,24919.0,33671.806118615845
8281,29356.0,25570.63092003427
8282,33030.0,35037.61008883637
8283,17349.0,17213.001508158733
8284,25748.0,32341.918426936492
8285,22863.0,23402.880532224768
8286,25061.0,32450.92014972676
8287,19132.0,40500.96873525527
8288,43752.0,33453.709022054245
8289,51814.0,44263.83731959708
8290,7777.0,42174.43738045217
8291,58417.0,52328.31518504558
8292,32354.0,35591.98018650793
8293,28492.0,32332.606643938525
8294,23991.0,26302.697716322058
8295,15520.0,14656.66863737898
8296,19579.0,19386.737654352895
8297,18462.0,16725.208525344966
8298,28010.0,28445.77210619016
8299,14734.0,14804.501007412779
8300,13645.0,12250.967392531096
8301,32355.0,34145.48662570738
8302,34363.0,35652.08764504497
8303,26630.0,25334.520252658273
8304,36002.0,33443.37379361608
8305,22104.0,22348.182366745525
8306,28881.0,32956.38050327634
8307,19139.0,35868.7157154096
8308,42440.0,35652.08764504497
8309,32462.0,33050.13127872285
8310,22066.0,22655.198645716737
8311,17453.0,28422.499723126548
8312,31469.0,29549.626925083183
8313,15875.0,15461.415527050709
8314,33351.0,32186.921388576633
8315,17252.0,15750.555046563442
8316,15473.0,15998.552646407541
8317,43550.0,47234.97789922308
8318,24151.0,32678.422721884283
8319,19981.0,23792.394107970315
8320,38462.0,34205.21599029695
8321,23304.0,23792.394107970315
8322,21994.0,33504.19004367616
8323,45663.0,35412.37563569671
8324,12032.0,12898.56322934229
8325,39431.0,37777.23060835631
8326,30732.0,33405.14933339662
8327,24283.0,24975.11447763348
8328,35855.0,31864.167176844636
8329,14579.0,15433.958187500008
8330,23200.0,26266.263702819622
8331,7064.0,20108.55191178346
8332,24233.0,24141.920406642188
8333,49164.0,52328.31518504558
8334,22367.0,24425.287956317286
8335,26758.0,28202.30378882644
8336,31613.0,30756.657113915764
8337,23313.0,27764.219582726695
8338,35989.0,33212.89325890287
8339,39509.0,33206.61306958797
8340,23012.0,26039.251845810446
8341,33334.0,33405.14933339662
8342,22952.0,24375.938436181856
8343,12832.0,15896.73045451056
8344,43252.0,33095.18399828267
8345,29289.0,31386.40486341367
8346,31394.0,33443.37379361608
8347,27546.0,24655.06408962594
8348,38282.0,32264.411699574164
8349,11755.0,12880.51776401009
8350,31651.0,28677.14158665495
8351,23448.0,23956.04270207939
8352,13432.0,14203.108890481977
8353,24616.0,24045.003272140504
8354,24199.0,22443.474491771965
8355,56205.0,45161.230871252104
8356,21182.0,21431.958256373284
8357,20169.0,24357.557501775333
8358,32723.0,32155.651123510237
8359,35335.0,28471.887758985224
8360,34340.0,30501.807654606164
8361,32177.0,32839.648910764874
8362,18421.0,18031.574282709127
8363,50746.0,42594.463570811626
8364,6104.0,18928.011812049746
8365,17035.0,14963.3952943912
8366,12384.0,12440.503038654137
8367,25139.0,31011.82511201288
8368,35344.0,33769.282302118
8369,13439.0,13791.17492966567
8370,47429.0,43070.804363199735
8371,16910.0,15998.552646407541
8372,51595.0,33305.57113237551
8373,39614.0,33760.27246544905
8374,26718.0,27599.12368450527
8375,16279.0,16737.21368962936
8376,39801.0,33368.297103903016
8377,32066.0,30472.894072176852
8378,15834.0,14715.742696430038
8379,14247.0,13797.732315680774
8380,9571.0,7955.442230974495
8381,21534.0,24882.96518481214
8382,28103.0,27718.544534626348
8383,33535.0,27399.834370432567
8384,16248.0,16443.339611111114
8385,27967.0,31299.726678851228
8386,28179.0,28331.446278169282
8387,30689.0,34565.81824360393
8388,31546.0,29556.493186165102
8389,13808.0,15750.555046563442
8390,40261.0,31902.30233508574
8391,30988.0,32789.62176867394
8392,13417.0,13791.17492966567
8393,8739.0,7955.442230974495
8394,34509.0,33679.79038996289
8395,14678.0,15896.73045451056
8396,30376.0,34973.53939348755
8397,18164.0,20108.55191178346
8398,12027.0,12971.931783503942
8399,27037.0,20722.58567551871
8400,49420.0,45161.230871252104
8401,18964.0,19386.737654352895
8402,34309.0,34973.53939348755
8403,14966.0,15896.73045451056
8404,15801.0,19553.27775206409
8405,17431.0,32563.42463366037
8406,22073.0,26293.053463407537
8407,25778.0,23555.147348502098
8408,34142.0,28710.77906003646
8409,16687.0,19683.96928015734
8410,22469.0,21256.973814003464
8411,30901.0,33050.13127872285
8412,27884.0,32332.606643938525
8413,34213.0,34907.218675808166
8414,27247.0,31946.56791666823
8415,10885.0,11827.70008116883
8416,12081.0,12548.88329272414
8417,40379.0,40623.46968543292
8418,19063.0,19656.371096600913
8419,12755.0,12898.56322934229
8420,14338.0,15750.555046563442
8421,27727.0,30313.905701155323
8422,15983.0,15551.57361682299
8423,27661.0,24273.974659164698
8424,19072.0,21586.492152262203
8425,31831.0,32919.37260200099
8426,14565.0,14837.117832304142
8427,21072.0,22443.474491771965
8428,20009.0,21164.2569021708
8429,16223.0,15461.415527050709
8430,14814.0,15551.57361682299
8431,33485.0,34973.53939348755
8432,28502.0,32495.114835182052
8433,21944.0,22406.997325708344
8434,18208.0,19553.27775206409
8435,16707.0,14372.068198554134
8436,25945.0,31493.63813473514
8437,23609.0,30133.96428953504
8438,23447.0,26746.866839627364
8439,18846.0,15896.73045451056
8440,56613.0,47558.50999337179
8441,26985.0,29349.74089062264
8442,11255.0,11760.916130711397
8443,7988.0,7955.442230974495
8444,67380.0,44869.36165905801
8445,35942.0,33208.3909038503
8446,64361.0,49877.707068935466
8447,41063.0,35051.818676956274
8448,28516.0,30338.064486375995
8449,35624.0,37586.1079050404
8450,36791.0,31960.356109261367
8451,15041.0,16725.208525344966
8452,30585.0,28710.77906003646
8453,22267.0,19783.921053426297
8454,28768.0,24655.06408962594
8455,34198.0,34565.81824360393
8456,30933.0,31454.26898001751
8457,25147.0,22129.510273809527
8458,31819.0,30967.08302931396
8459,25874.0,22069.51064330678
8460,20151.0,28331.446278169282
8461,9868.0,13398.724651101547
8462,38664.0,34517.87717498756
8463,16627.0,17225.37822714959
8464,31442.0,33170.9277106782
8465,24440.0,30133.96428953504
8466,27836.0,27721.33718398754
8467,30202.0,32718.52155931968
8468,48163.0,53766.10126190393
8469,25917.0,23640.84721511804
8470,25717.0,21164.2569021708
8471,28657.0,27652.540067781425
8472,44620.0,34902.25995016631
8473,37521.0,33208.3909038503
8474,49167.0,42594.463570811626
8475,28753.0,31786.63028889142
8476,20728.0,23640.84721511804
8477,32941.0,30313.905701155323
8478,21420.0,30370.016553664675
8479,30398.0,34073.28495350784
8480,19174.0,30259.092072938038
8481,21563.0,22510.091419525157
8482,35893.0,24338.829631166278
8483,13029.0,14142.82086515267
8484,25761.0,21042.344319902313
8485,41299.0,34576.97444393435
8486,32080.0,36758.158789156616
8487,18024.0,18031.574282709127
8488,32786.0,25779.359260638794
8489,23688.0,30133.96428953504
8490,61435.0,44129.42864291924
8491,23932.0,20892.25394543574
8492,37241.0,34035.00286942188
8493,22846.0,32255.655922042326
8494,44053.0,41220.8093804981
8495,35491.0,33211.2725992566
8496,28707.0,35868.7157154096
8497,32978.0,30934.938221396093
8498,12194.0,13421.305552489093
8499,25048.0,25358.153067839597
8500,40806.0,36862.616331025536
8501,18772.0,23938.312891958165
8502,25204.0,27910.1103012364
8503,36573.0,37777.23060835631
8504,36013.0,35591.98018650793
8505,23560.0,30133.96428953504
8506,31979.0,32888.136220758715
8507,34023.0,32634.1880309185
8508,46665.0,43070.804363199735
8509,40595.0,34576.97444393435
8510,42048.0,33208.3909038503
8511,20799.0,22348.182366745525
8512,33607.0,32956.67622221305
8513,20008.0,22369.666284091898
8514,32216.0,32451.670843312517
8515,24448.0,26344.705176166048
8516,32215.0,30934.938221396093
8517,31019.0,28779.291380621027
8518,26277.0,23062.044418547695
8519,36016.0,32919.37260200099
8520,32345.0,36859.92038492064
8521,12906.0,12548.88329272414
8522,22944.0,22105.40188912179
8523,11330.0,11388.030886215865
8524,26288.0,24041.79131266746
8525,11941.0,13422.112389580108
8526,52225.0,43070.804363199735
8527,8545.0,12250.967392531096
8528,29755.0,32666.84394249792
8529,46031.0,42772.858226675984
8530,37727.0,35037.61008883637
8531,37786.0,48776.74725323823
8532,11696.0,12401.932870514553
8533,20029.0,25540.09011941862
8534,36408.0,35965.98056894536
8535,35182.0,28202.30378882644
8536,35666.0,36243.57619653748
8537,28103.0,33483.687695004075
8538,24588.0,28202.30378882644
8539,23638.0,21566.968377455883
8540,44061.0,41220.8093804981
8541,21681.0,21066.98020500172
8542,14525.0,12250.967392531096
8543,12122.0,13945.786642857145
8544,26844.0,35139.95840208428
8545,34795.0,34973.53939348755
8546,25553.0,23792.394107970315
8547,25075.0,26972.671780876113
8548,22878.0,24141.920406642188
8549,16885.0,15356.532640532569
8550,27244.0,23792.394107970315
8551,15743.0,15750.555046563442
8552,26332.0,26213.308928501006
8553,22897.0,23612.31235751594
8554,12790.0,15998.552646407541
8555,25980.0,24356.06315200674
8556,44156.0,52328.31518504558
8557,35306.0,33955.36072524436
8558,33997.0,32502.72290045229
8559,34281.0,36790.07040506908
8560,21091.0,24357.557501775333
8561,23530.0,24650.733167895894
8562,25718.0,26619.40866680739
8563,46306.0,42772.858226675984
8564,30810.0,31548.08948780589
8565,16517.0,15693.060841333629
8566,21159.0,23062.044418547695
8567,23383.0,23792.394107970315
8568,28767.0,32191.172882749634
8569,32940.0,24468.80770756845
8570,12275.0,13984.113817016325
8571,32244.0,36399.85459376329
8572,31054.0,34973.53939348755
8573,13097.0,17213.001508158733
8574,18397.0,16756.67444670707
8575,12679.0,13022.58344141271
8576,26825.0,24422.399611056462
8577,15805.0,20108.55191178346
8578,9719.0,12401.932870514553
8579,31367.0,33679.79038996289
8580,15400.0,15356.532640532569
8581,27506.0,31864.167176844636
8582,35619.0,33272.92992399722
8583,32289.0,30209.53147880513
8584,13471.0,12971.931783503942
8585,16968.0,18031.574282709127
8586,20052.0,21532.24555394576
8587,22209.0,22388.53461106057
8588,22144.0,25934.457762519
8589,30000.0,28439.588833335798
8590,14366.0,15461.415527050709
8591,11048.0,12171.97352691326
8592,31306.0,29589.956356647843
8593,46536.0,33107.530497455584
8594,36780.0,35652.08764504497
8595,23752.0,30436.23781915483
8596,15141.0,15003.104348905536
8597,18310.0,23555.147348502098
8598,28074.0,29849.23033413966
8599,49158.0,28211.374878814095
8600,36445.0,33535.81203988443
8601,39461.0,29787.243935613446
8602,41437.0,41809.03118931562
8603,30988.0,33105.8152668424
8604,20865.0,23068.38035733092
8605,41375.0,32264.411699574164
8606,46505.0,31019.818243987258
8607,28071.0,26972.671780876113
8608,30408.0,29291.15692646243
8609,31336.0,32266.193606258108
8610,24800.0,26048.595034743295
8611,69329.0,48811.01832600733
8612,23727.0,30338.064486375995
8613,30291.0,27718.544534626348
8614,12809.0,15750.555046563442
8615,15104.0,30349.04349994704
8616,28547.0,23716.988862225724
8617,14425.0,15736.04571028654
8618,53809.0,52328.31518504558
8619,36355.0,33764.6817752532
8620,20296.0,23402.880532224768
8621,19762.0,22069.51064330678
8622,14930.0,31815.406253776684
8623,22075.0,21942.589125000857
8624,50820.0,38496.989596563064
8625,16376.0,15896.73045451056
8626,26842.0,24077.58373904291
8627,28323.0,30472.894072176852
8628,15408.0,14272.907880159917
8629,36921.0,36239.6687010643
8630,42772.0,34916.71134856625
8631,24388.0,20192.938159717476
8632,38774.0,37400.04682121349
8633,33488.0,33208.3909038503
8634,21646.0,23257.456792878962
8635,16906.0,23792.394107970315
8636,34356.0,33679.79038996289
8637,25299.0,28125.925982380184
8638,18714.0,29188.76020777425
8639,43367.0,31665.857786014614
8640,23852.0,20766.948220145638
8641,24595.0,32558.547644585506
8642,38414.0,31629.208359190918
8643,12633.0,12898.56322934229
8644,32016.0,33405.14933339662
8645,9664.0,11151.082122932628
8646,13122.0,14308.154293974772
8647,47720.0,33571.03510663215
8648,17602.0,18031.574282709127
8649,16028.0,16756.67444670707
8650,26598.0,29369.186031221747
8651,12581.0,16027.832771574023
8652,29714.0,25464.886269452767
8653,19412.0,21280.07278211518
8654,35925.0,31703.784568477437
8655,11585.0,15634.045246212114
8656,27419.0,24655.06408962594
8657,6800.0,10371.374620305265
8658,40899.0,36133.648708407185
8659,22078.0,21586.492152262203
8660,47964.0,40866.48554586835
8661,11946.0,11835.771179285459
8662,30475.0,28120.285067648514
8663,20332.0,19346.934790523163
8664,38656.0,33773.10504761904
8665,50104.0,46510.0367133778
8666,37512.0,32519.399516996025
8667,19148.0,23792.394107970315
8668,36957.0,39895.9968095063
8669,19811.0,28040.423219502798
8670,51765.0,52328.31518504558
8671,6800.0,10371.374620305265
8672,30390.0,28311.226941440185
8673,12061.0,12250.967392531096
8674,10112.0,19877.59032613875
8675,24107.0,19917.122330939652
8676,19944.0,24192.5259915867
8677,39448.0,32919.37260200099
8678,16896.0,15750.555046563442
8679,29270.0,33105.8152668424
8680,30800.0,29720.445400479395
8681,17201.0,53766.10126190393
8682,18165.0,18031.574282709127
8683,50834.0,44358.26125974892
8684,20739.0,22655.198645716737
8685,12348.0,13022.58344141271
8686,18239.0,24357.557501775333
8687,18220.0,20645.23983658006
8688,31504.0,33760.27246544905
8689,6800.0,10371.374620305265
8690,38724.0,35067.17530685293
8691,17554.0,15548.84748545427
8692,29912.0,30601.639955524475
8693,33231.0,34064.04058748884
8694,27491.0,29742.45047436699
8695,14285.0,15896.73045451056
8696,19751.0,19553.27775206409
8697,43210.0,53766.10126190393
8698,20510.0,23358.82594005323
8699,40033.0,31797.5350459257
8700,33612.0,35591.98018650793
8701,32772.0,34064.04058748884
8702,43983.0,47398.197000298474
8703,29812.0,27841.186625650647
8704,13332.0,15693.060841333629
8705,36927.0,29555.07615244771
8706,20811.0,21251.99662636169
8707,28226.0,31946.56791666823
8708,38072.0,36862.616331025536
8709,32027.0,32764.27400211518
8710,8153.0,41352.81985911337
8711,30016.0,24375.938436181856
8712,26126.0,29402.09750080253
8713,23020.0,21164.2569021708
8714,29135.0,33014.54628333322
8715,35747.0,31166.401476948726
8716,57858.0,43070.804363199735
8717,45841.0,36133.648708407185
8718,13773.0,14308.154293974772
8719,15795.0,14142.82086515267
8720,12358.0,15461.415527050709
8721,25516.0,26972.671780876113
8722,51409.0,47558.50999337179
8723,50281.0,40945.8903790305
8724,22907.0,22105.40188912179
8725,18201.0,18031.574282709127
8726,31344.0,26972.671780876113
8727,38250.0,35439.5810768216
8728,22521.0,35254.0590170932
8729,29114.0,27764.219582726695
8730,30842.0,27718.544534626348
8731,40432.0,33138.656536104754
8732,12267.0,14272.907880159917
8733,23972.0,22348.182366745525
8734,29374.0,24141.920406642188
8735,17239.0,16725.208525344966
8736,20920.0,22369.666284091898
8737,23374.0,33578.90186551202
8738,39793.0,28454.469217825095
8739,39069.0,42772.858226675984
8740,11528.0,12250.967392531096
8741,25728.0,24041.79131266746
8742,16189.0,15896.73045451056
8743,22122.0,22129.510273809527
8744,27502.0,29658.775990941467
8745,23836.0,21586.492152262203
8746,32375.0,29138.031259587646
8747,34368.0,31509.695881509128
8748,25079.0,32255.655922042326
8749,26199.0,29989.497270345935
8750,12537.0,12250.967392531096
8751,20310.0,26266.263702819622
8752,36735.0,36862.616331025536
8753,25261.0,27764.219582726695
8754,16810.0,15551.57361682299
8755,17803.0,22847.14421946612
8756,32135.0,39536.2375284189
8757,47540.0,39895.9968095063
8758,23243.0,19553.27775206409
8759,19978.0,36746.70053291325
8760,26388.0,26266.263702819622
8761,41581.0,36862.616331025536
8762,39945.0,33151.19326488107
8763,42053.0,41220.8093804981
8764,24127.0,30506.841577176798
8765,21910.0,22400.30013409648
8766,13854.0,12548.88329272414
8767,21910.0,23792.394107970315
8768,37079.0,34766.12044925532
8769,27655.0,23792.394107970315
8770,22898.0,23979.144476500205
8771,30732.0,34973.53939348755
8772,30011.0,35709.68035094728
8773,35297.0,31166.401476948726
8774,29987.0,31615.397509632105
8775,34004.0,31703.784568477437
8776,13397.0,15896.73045451056
8777,30235.0,32038.577577281056
8778,21231.0,24375.938436181856
8779,14787.0,15461.415527050709
8780,27246.0,26302.697716322058
8781,29961.0,28075.92774543963
8782,11014.0,12532.128291969431
8783,21383.0,24375.938436181856
8784,27892.0,22758.94628587719
8785,33241.0,30530.03201787806
8786,26204.0,32460.46530070431
8787,15810.0,12828.68699049073
8788,26924.0,32450.92014972676
8789,13689.0,13022.58344141271
8790,27536.0,28454.469217825095
8791,18902.0,12401.932870514553
8792,11535.0,13294.60195955245
8793,32441.0,33405.14933339662
8794,19495.0,22411.21744996316
8795,24724.0,25704.30989733673
8796,26790.0,23956.04270207939
8797,19623.0,18051.840792753224
8798,50141.0,40866.48554586835
8799,42251.0,36239.6687010643
8800,26553.0,23956.04270207939
8801,13731.0,14804.501007412779
8802,13761.0,15750.555046563442
8803,18235.0,18383.66185287501
8804,32076.0,32956.67622221305
8805,24936.0,22069.51064330678
8806,11718.0,14049.342040240484
8807,36850.0,36239.6687010643
8808,31327.0,30290.116430205708
8809,20251.0,23948.40385722232
8810,19545.0,26972.671780876113
8811,29892.0,27320.32789858872
8812,29338.0,40778.24973951915
8813,21638.0,21858.06871146583
8814,45218.0,41809.03118931562
8815,18715.0,13815.370503703376
8816,12831.0,27810.161001679055
8817,26779.0,26444.86978528529
8818,15017.0,12880.51776401009
8819,26912.0,32797.41897448841
8820,38686.0,37285.920095321344
8821,22325.0,26885.55614063065
8822,15595.0,14715.742696430038
8823,20120.0,14831.17953959929
8824,25212.0,21840.353424631656
8825,30052.0,21495.468294593757
8826,24966.0,23979.144476500205
8827,25282.0,18928.011812049746
8828,12046.0,14272.907880159917
8829,36253.0,36613.55727998366
8830,22338.0,21066.98020500172
8831,50570.0,36386.68422801907
8832,31841.0,32179.774029033208
8833,42749.0,38496.989596563064
8834,37241.0,35935.7722172675
8835,34573.0,35145.69604729172
8836,39912.0,33679.79038996289
8837,10272.0,14715.742696430038
8838,10971.0,13398.724651101547
8839,36700.0,33430.02972680803
8840,15971.0,15896.73045451056
8841,15859.0,31815.406253776684
8842,22793.0,31586.528468199263
8843,49792.0,47558.50999337179
8844,23685.0,23402.880532224768
8845,22893.0,23155.089448186187
8846,27007.0,32284.218743554546
8847,51907.0,45564.50861392366
8848,23707.0,26266.263702819622
8849,12725.0,13761.054012701437
8850,51973.0,37569.045200765475
8851,41925.0,38080.62038667253
8852,27013.0,23792.394107970315
8853,24261.0,14831.17953959929
8854,28750.0,30051.40781325145
8855,22954.0,26048.595034743295
8856,32457.0,33220.54492763896
8857,15150.0,15896.73045451056
8858,38031.0,33955.36072524436
8859,24377.0,24638.036481025283
8860,21946.0,22388.53461106057
8861,33567.0,30348.664736011393
8862,27528.0,25696.923669095806
8863,21819.0,28331.446278169282
8864,52527.0,42594.463570811626
8865,36411.0,34240.89189209714
8866,30115.0,25934.457762519
8867,27216.0,31969.72177249533
8868,26108.0,29349.74089062264
8869,31003.0,27244.215565369883
8870,36364.0,36862.616331025536
8871,30903.0,29834.37247964821
8872,17385.0,14837.117832304142
8873,14789.0,15750.555046563442
8874,25212.0,20072.80294641292
8875,30351.0,33170.9277106782
8876,26714.0,27702.266405714494
8877,10708.0,13761.054012701437
8878,25130.0,32531.006934968238
8879,20229.0,18031.574282709127
8880,13715.0,14438.223088376904
8881,42227.0,37911.121672761234
8882,20100.0,27444.644888570565
8883,32826.0,28779.291380621027
8884,13048.0,15356.532640532569
8885,9053.0,13398.724651101547
8886,14116.0,15896.73045451056
8887,20319.0,22348.182366745525
8888,39835.0,33208.3909038503
8889,10902.0,11151.082122932628
8890,20713.0,21431.958256373284
8891,24669.0,26383.052690536642
8892,38023.0,30762.061858390956
8893,20619.0,21431.228438137485
8894,30102.0,27399.834370432567
8895,38629.0,40303.40795182492
8896,38643.0,34369.98100234445
8897,16102.0,13890.44887798083
8898,16462.0,13422.112389580108
8899,36503.0,30799.84472193654
8900,24791.0,30133.96428953504
8901,35699.0,32496.99572552862
8902,31350.0,33208.3909038503
8903,27098.0,23792.394107970315
8904,41923.0,34739.67393619207
8905,30049.0,23948.40385722232
8906,26484.0,29369.186031221747
8907,17367.0,23257.456792878962
8908,36539.0,34062.29906059127
8909,22987.0,19346.934790523163
8910,62858.0,38496.989596563064
8911,34451.0,33760.27246544905
8912,32385.0,28710.77906003646
8913,28305.0,31223.671905239855
8914,14312.0,15551.57361682299
8915,15800.0,14372.068198554134
8916,37286.0,32327.822508675283
8917,27051.0,32166.833941594217
8918,23129.0,23555.147348502098
8919,13112.0,13761.054012701437
8920,24701.0,32191.172882749634
8921,21506.0,26213.308928501006
8922,14959.0,14804.501007412779
8923,40923.0,42594.463570811626
8924,23521.0,30241.17182784482
8925,28053.0,28454.469217825095
8926,20991.0,22847.14421946612
8927,34336.0,35439.5810768216
8928,22832.0,21251.99662636169
8929,32814.0,28870.418237934166
8930,28311.0,25358.153067839597
8931,24718.0,24168.74046680258
8932,40293.0,31072.027987666046
8933,17508.0,31815.406253776684
8934,19486.0,20291.493793075857
8935,50521.0,39526.67703995042
8936,12989.0,16027.832771574023
8937,20846.0,22178.968875398175
8938,14134.0,13422.112389580108
8939,19228.0,19656.371096600913
8940,16007.0,15896.73045451056
8941,25003.0,21858.06871146583
8942,12412.0,12828.68699049073
8943,28513.0,28471.7767231481
8944,26818.0,15567.009784355268
8945,39000.0,36613.55727998366
8946,16948.0,16756.67444670707
8947,23323.0,22466.86189874356
8948,23163.0,23979.144476500205
8949,34475.0,33212.89325890287
8950,38865.0,43070.804363199735
8951,42250.0,32031.90310034398
8952,10868.0,12971.931783503942
8953,27101.0,30967.08302931396
8954,30266.0,30128.054774520486
8955,55625.0,52328.31518504558
8956,24671.0,27702.266405714494
8957,24813.0,24650.733167895894
8958,11436.0,12548.88329272414
8959,33395.0,34205.21599029695
8960,31522.0,30162.857322203647
8961,23794.0,23401.716269876182
8962,13938.0,14203.108890481977
8963,38450.0,32843.924892928495
8964,42394.0,36862.616331025536
8965,31033.0,30934.938221396093
8966,16200.0,19346.934790523163
8967,28148.0,34061.48261622152
8968,40316.0,39967.46544088727
8969,23224.0,25464.886269452767
8970,24403.0,25796.119796276453
8971,13596.0,21904.778557762358
8972,13589.0,14203.108890481977
8973,39180.0,28618.877521008406
8974,15893.0,14804.501007412779
8975,28350.0,26972.671780876113
8976,35221.0,30886.006055633454
8977,26149.0,30911.186702627107
8978,13150.0,12971.931783503942
8979,32737.0,34871.63893736567
8980,23113.0,23792.394107970315
8981,21088.0,20291.493793075857
8982,25282.0,29989.497270345935
8983,39364.0,35048.68317562949
8984,18542.0,23555.147348502098
8985,22707.0,23792.394107970315
8986,25993.0,23792.394107970315
8987,37755.0,34569.71312812706
8988,22825.0,28030.081988033653
8989,30675.0,33535.81203988443
8990,41525.0,32783.0187853304
8991,32369.0,31018.72320265275
8992,10844.0,12337.241130711396
8993,11932.0,13294.60195955245
8994,35316.0,35067.17530685293
8995,16586.0,15998.552646407541
8996,37196.0,32256.768845288967
8997,32755.0,27827.23064028715
8998,98958.0,69824.48304820184
8999,21693.0,21942.589125000857
9000,13718.0,13767.740753344651
9001,37805.0,37463.809095598845
9002,36676.0,39967.46544088727
9003,28774.0,31011.82511201288
9004,36891.0,35591.98018650793
9005,27393.0,35868.7157154096
9006,25718.0,24650.733167895894
9007,27788.0,25487.35175702493
9008,48082.0,33036.06868953852
9009,14670.0,15896.73045451056
9010,13246.0,15693.060841333629
9011,23085.0,21586.492152262203
9012,27559.0,23195.76587010237
9013,19240.0,15344.181454529933
9014,21243.0,23756.43315427842
9015,32645.0,30886.006055633454
9016,30236.0,28421.594288423075
9017,29657.0,31284.217629259954
9018,30728.0,30891.60257380952
9019,24091.0,26302.697716322058
9020,47628.0,45564.50861392366
9021,24583.0,24141.920406642188
9022,23245.0,24098.451080377963
9023,13073.0,15804.89098603345
9024,40574.0,33492.38727557834
9025,24337.0,26558.349285005137
9026,24673.0,23155.089448186187
9027,51836.0,30240.556400184552
9028,20455.0,29115.51049199788
9029,35081.0,33151.19326488107
9030,39687.0,33453.709022054245
9031,10585.0,14715.742696430038
9032,14010.0,13101.289249844009
9033,18579.0,18031.574282709127
9034,17491.0,16400.5046507854
9035,18227.0,19553.27775206409
9036,10904.0,10874.088207126213
9037,21580.0,24077.58373904291
9038,35150.0,28120.285067648514
9039,32842.0,33955.36072524436
9040,17598.0,23555.147348502098
9041,37086.0,37285.920095321344
9042,12956.0,12971.931783503942
9043,26836.0,30348.664736011393
9044,22083.0,23825.873592445674
9045,37600.0,32783.0187853304
9046,50641.0,45629.33294129193
9047,32377.0,33724.01426320414
9048,16763.0,15356.532640532569
9049,30733.0,31864.167176844636
9050,16742.0,15693.060841333629
9051,30543.0,33492.38727557834
9052,36608.0,34422.55203125989
9053,19723.0,23792.394107970315
9054,22155.0,24045.003272140504
9055,49523.0,35669.16460080705
9056,31975.0,33212.89325890287
9057,19485.0,23555.147348502098
9058,22508.0,20702.256129966794
9059,28819.0,29229.711505472027
9060,28002.0,25358.153067839597
9061,23213.0,23400.63367728342
9062,30889.0,31509.695881509128
9063,30608.0,33405.14933339662
9064,45508.0,35278.3909347652
9065,36303.0,31902.30233508574
9066,11307.0,12171.97352691326
9067,20816.0,23792.394107970315
9068,28548.0,33368.297103903016
9069,11247.0,11388.030886215865
9070,24751.0,20393.35095260158
9071,29377.0,29589.956356647843
9072,24341.0,27718.544534626348
9073,16161.0,15998.552646407541
9074,36707.0,32764.27400211518
9075,11523.0,10874.088207126213
9076,34404.0,29291.15692646243
9077,19521.0,15896.73045451056
9078,25754.0,29658.775990941467
9079,19961.0,19607.221042929294
9080,18033.0,19676.23375351633
9081,21356.0,28462.981394857947
9082,24672.0,26344.705176166048
9083,40445.0,34517.87717498756
9084,37824.0,44056.933164696464
9085,45527.0,47558.50999337179
9086,35556.0,33323.75547061572
9087,29022.0,30051.40781325145
9088,19030.0,30883.48191511174
9089,10934.0,12630.027130722357
9090,33662.0,32451.670843312517
9091,18826.0,20248.78779171312
9092,34178.0,35456.74991153751
9093,35627.0,33492.38727557834
9094,30304.0,30967.08302931396
9095,24540.0,26881.991092737597
9096,18109.0,15427.31867227217
9097,13613.0,14656.66863737898
9098,12835.0,12866.106826859552
9099,20000.0,23555.147348502098
9100,34937.0,33272.92992399722
9101,39220.0,30091.15596007853
9102,29104.0,33020.44536053831
9103,27277.0,26383.052690536642
9104,34989.0,28445.77210619016
9105,36985.0,33212.89325890287
9106,35327.0,29445.974225821043
9107,33593.0,28439.588833335798
9108,35102.0,38876.19811904762
9109,38331.0,35669.16460080705
9110,29067.0,31266.669770120898
9111,34116.0,39953.498550979166
9112,23683.0,22443.474491771965
9113,20215.0,16443.339611111114
9114,20602.0,20358.644493783995
9115,27535.0,26972.671780876113
9116,22936.0,22862.450612973593
9117,32061.0,34205.21599029695
9118,18739.0,18960.46988480821
9119,18930.0,29833.623275613547
9120,32714.0,31902.30233508574
9121,28586.0,25464.886269452767
9122,37914.0,34205.21599029695
9123,32352.0,28418.71565408998
9124,26980.0,31011.82511201288
9125,34646.0,30163.95251144848
9126,15926.0,15750.555046563442
9127,29296.0,26972.671780876113
9128,22392.0,23462.12281679503
9129,34155.0,39883.41764360975
9130,21160.0,23555.147348502098
9131,34388.0,33430.02972680803
9132,24928.0,29989.497270345935
9133,37569.0,39953.498550979166
9134,30823.0,25999.005108661386
9135,47511.0,33036.06868953852
9136,12871.0,13568.686540240398
9137,22477.0,22515.698431552537
9138,37441.0,34427.92967968175
9139,14596.0,15750.555046563442
9140,22307.0,26972.671780876113
9141,31747.0,33220.54492763896
9142,21277.0,30768.533693178957
9143,23899.0,22415.120538054118
9144,12889.0,14372.068198554134
9145,22728.0,29989.497270345935
9146,23450.0,26972.671780876113
9147,25264.0,25934.457762519
9148,20034.0,18051.840792753224
9149,22305.0,21431.958256373284
9150,34551.0,31317.93644962717
9151,22009.0,22406.98323091037
9152,19022.0,21066.98020500172
9153,24413.0,22443.474491771965
9154,13797.0,12633.509658429957
9155,14012.0,15655.99719021827
9156,24928.0,22388.53461106057
9157,26934.0,27527.417933644778
9158,28141.0,33368.297103903016
9159,20707.0,23792.394107970315
9160,24800.0,29402.09750080253
9161,17480.0,21256.973814003464
9162,29990.0,31674.055034633264
9163,33010.0,42772.858226675984
9164,39791.0,37388.39934991976
9165,19655.0,23402.880532224768
9166,26182.0,31987.251392350394
9167,32335.0,33014.54628333322
9168,31859.0,27721.33718398754
9169,20348.0,25308.59851742676
9170,26894.0,28357.306493855744
9171,7770.0,7955.442230974495
9172,34069.0,32190.727069494085
9173,17135.0,18928.011812049746
9174,37162.0,27599.12368450527
9175,36451.0,31923.265
9176,12718.0,13422.112389580108
9177,28944.0,28537.833331732396
9178,39688.0,29679.086221672947
9179,16896.0,18160.74079769433
9180,17175.0,15551.57361682299
9181,43014.0,45564.50861392366
9182,20653.0,24898.573866071427
9183,20148.0,23555.147348502098
9184,14000.0,14595.27745112962
9185,10533.0,12488.380424242863
9186,14849.0,14804.501007412779
9187,24108.0,24098.451080377963
9188,40817.0,33075.945060437174
9189,18156.0,10371.374620305265
9190,15631.0,16756.67444670707
9191,35444.0,39536.2375284189
9192,19558.0,19745.273642159253
9193,22917.0,22129.510273809527
9194,61233.0,47558.50999337179
9195,15547.0,14203.108890481977
9196,19590.0,22348.182366745525
9197,26295.0,26266.263702819622
9198,24395.0,23979.144476500205
9199,18056.0,22400.30013409648
9200,24721.0,26383.052690536642
9201,13884.0,13294.60195955245
9202,13529.0,11283.112168783697
9203,29466.0,31703.784568477437
9204,22399.0,23400.63367728342
9205,21986.0,26039.251845810446
9206,23535.0,31209.0738891337
9207,43098.0,41220.8093804981
9208,35422.0,31018.72320265275
9209,5280.0,16038.699113290484
9210,12999.0,12880.51776401009
9211,11693.0,12898.56322934229
9212,32977.0,30886.006055633454
9213,21942.0,29115.51049199788
9214,38941.0,35652.08764504497
9215,37905.0,33043.35235109774
9216,35154.0,31458.67989665207
9217,24521.0,27702.266405714494
9218,17373.0,15461.415527050709
9219,22391.0,22806.616197241823
9220,35575.0,31509.695881509128
9221,27941.0,28454.469217825095
9222,37217.0,31166.401476948726
9223,23110.0,31838.349812199256
9224,16831.0,17225.37822714959
9225,31644.0,29618.272454023547
9226,32153.0,33212.89325890287
9227,19936.0,20166.78187672083
9228,45000.0,35549.54473016892
9229,17248.0,18629.594395299147
9230,22503.0,23792.394107970315
9231,43178.0,35412.37563569671
9232,19424.0,17250.538152079404
9233,33262.0,33955.36072524436
9234,32201.0,33693.752079365084
9235,12706.0,12548.88329272414
9236,23209.0,20645.23983658006
9237,37387.0,35759.827933232875
9238,31132.0,28915.631635535658
9239,23041.0,30727.553521413836
9240,12008.0,12488.380424242863
9241,22030.0,22758.94628587719
9242,27933.0,32903.63103438967
9243,51340.0,30695.05514111409
9244,20625.0,21586.492152262203
9245,11282.0,12401.932870514553
9246,55285.0,47558.50999337179
9247,15937.0,18031.574282709127
9248,33260.0,35139.95840208428
9249,22478.0,32902.58379309344
9250,14964.0,14860.385737828074
9251,24044.0,25487.35175702493
9252,36921.0,33654.7214677929
9253,16367.0,16725.208525344966
9254,48485.0,34739.67393619207
9255,25463.0,26881.991092737597
9256,17603.0,15750.555046563442
9257,28518.0,26266.263702819622
9258,26892.0,22162.328653818407
9259,34319.0,32451.670843312517
9260,23048.0,24063.812476911837
9261,59305.0,38496.989596563064
9262,15278.0,14203.108890481977
9263,11523.0,10874.088207126213
9264,32027.0,27721.33718398754
9265,38371.0,33430.02972680803
9266,22636.0,22105.40188912179
9267,18723.0,21251.99662636169
9268,30115.0,29921.97879856659
9269,42106.0,39953.498550979166
9270,34583.0,32285.559911249
9271,32155.0,29851.12785223917
9272,35429.0,34205.21599029695
9273,23765.0,27701.358344874658
9274,23739.0,30284.338720062675
9275,31079.0,36613.55727998366
9276,30910.0,33272.92992399722
9277,22787.0,22806.616197241823
9278,6800.0,10371.374620305265
9279,29508.0,28331.446278169282
9280,17402.0,16400.5046507854
9281,12577.0,13610.112442912334
9282,17229.0,18160.74079769433
9283,18325.0,27093.90366364222
9284,23122.0,25704.30989733673
9285,35521.0,29234.557392020022
9286,36506.0,35935.7722172675
9287,17790.0,18960.46988480821
9288,13842.0,13791.17492966567
9289,32459.0,35456.74991153751
9290,37038.0,34829.71998237874
9291,20675.0,21831.741980434068
9292,13165.0,13398.724651101547
9293,21141.0,23792.394107970315
9294,39876.0,41260.13642991357
9295,27973.0,26344.705176166048
9296,37406.0,39777.58743368536
9297,14411.0,14103.992013205614
9298,19253.0,29188.76020777425
9299,43592.0,34866.20774388828
9300,22948.0,23195.76587010237
9301,16388.0,18031.574282709127
9302,14081.0,15433.958187500008
9303,43593.0,33104.43892025745
9304,7319.0,7955.442230974495
9305,12045.0,12898.56322934229
9306,33705.0,30162.857322203647
9307,21494.0,24168.74046680258
9308,12263.0,13421.305552489093
9309,20958.0,18629.594395299147
9310,37476.0,33211.2725992566
9311,15198.0,15896.73045451056
9312,26749.0,30849.699399386172
9313,26915.0,24063.812476911837
9314,12606.0,15433.958187500008
9315,18449.0,18031.574282709127
9316,35247.0,35709.68035094728
9317,14366.0,14952.945168451954
9318,17571.0,19781.75865588063
9319,21277.0,19917.122330939652
9320,15150.0,15998.552646407541
9321,16253.0,14820.260340628214
9322,12476.0,13294.60195955245
9323,16102.0,15003.104348905536
9324,45888.0,25537.280710725845
9325,22116.0,24299.409912685842
9326,27300.0,28573.712089407672
9327,27482.0,31923.265
9328,16903.0,18051.840792753224
9329,24062.0,22515.698431552537
9330,24385.0,26182.46518312248
9331,19871.0,22069.51064330678
9332,23113.0,23401.716269876182
9333,18696.0,15896.73045451056
9334,22422.0,30349.04349994704
9335,23594.0,23738.81939975457
9336,41187.0,38412.695954464136
9337,13032.0,12880.51776401009
9338,24886.0,25334.520252658273
9339,26643.0,26457.77064360291
9340,35417.0,33208.3909038503
9341,29618.0,28621.694047053556
9342,25842.0,27399.834370432567
9343,36102.0,34866.20774388828
9344,32082.0,30756.657113915764
9345,6800.0,10371.374620305265
9346,23636.0,26266.263702819622
9347,39609.0,34271.162833333336
9348,25671.0,26344.705176166048
9349,29138.0,28388.418517563496
9350,33231.0,34973.53939348755
9351,13612.0,15433.958187500008
9352,28494.0,29138.031259587646
9353,31328.0,31592.233431261982
9354,27525.0,26048.595034743295
9355,26764.0,27093.90366364222
9356,20065.0,18031.574282709127
9357,43145.0,33138.656536104754
9358,20191.0,38795.10530617228
9359,41129.0,37285.920095321344
9360,23200.0,29658.775990941467
9361,21300.0,23311.926803288996
9362,15769.0,15693.060841333629
9363,25953.0,24898.573866071427
9364,28880.0,33105.8152668424
9365,32187.0,29115.569339110712
9366,43286.0,41112.54708154783
9367,21515.0,21164.2569021708
9368,23126.0,25828.192357059033
9369,26181.0,22388.53461106057
9370,10049.0,20465.8124432512
9371,36061.0,33401.174036985205
9372,48549.0,45564.50861392366
9373,22400.0,23280.233533445844
9374,26005.0,23358.82594005323
9375,16154.0,18051.840792753224
9376,21644.0,24141.920406642188
9377,40367.0,36133.648708407185
9378,12881.0,14656.66863737898
9379,16324.0,31815.406253776684
9380,30782.0,33421.95243855212
9381,25766.0,29439.466019377713
9382,13257.0,27844.19198933575
9383,29430.0,30379.932311700395
9384,17112.0,14715.742696430038
9385,54330.0,43982.83164704515
9386,30637.0,27603.146640541563
9387,65437.0,52328.31518504558
9388,28992.0,32602.01979080937
9389,25785.0,24375.938436181856
9390,24754.0,30967.08302931396
9391,12111.0,13890.44887798083
9392,41079.0,31509.695881509128
9393,25570.0,27764.219582726695
9394,10605.0,12250.967392531096
9395,45268.0,47398.197000298474
9396,19940.0,18031.574282709127
9397,28872.0,28376.826441116253
9398,19318.0,16038.699113290484
9399,33494.0,22319.253408067478
9400,31739.0,29138.031259587646
9401,25026.0,23462.12281679503
9402,41750.0,36790.07040506908
9403,12847.0,13195.149899778104
9404,8901.0,7955.442230974495
9405,12139.0,14142.82086515267
9406,32167.0,31534.159266954437
9407,37003.0,39536.2375284189
9408,28064.0,28331.446278169282
9409,22484.0,24098.960560533982
9410,20000.0,22369.17897887955
9411,25313.0,30162.857322203647
9412,22502.0,20282.762082446185
9413,22345.0,22004.710196358566
9414,45268.0,37553.06204508062
9415,15731.0,14804.501007412779
9416,7562.0,7955.442230974495
9417,31211.0,33272.92992399722
9418,26851.0,26302.697716322058
9419,27732.0,29138.031259587646
9420,19598.0,21251.99662636169
9421,20173.0,18031.574282709127
9422,27668.0,26972.671780876113
9423,25039.0,22406.997325708344
9424,32101.0,36859.92038492064
9425,32909.0,33272.92992399722
9426,31235.0,31969.72177249533
9427,44445.0,34415.64482241921
9428,33058.0,31767.4899106623
9429,23840.0,21951.81580067411
9430,26405.0,21164.2569021708
9431,23115.0,22069.51064330678
9432,21374.0,26266.263702819622
9433,13705.0,12250.967392531096
9434,32718.0,32527.502277601325
9435,32986.0,29549.626925083183
9436,16238.0,17225.37822714959
9437,36912.0,41260.13642991357
9438,18087.0,17225.37822714959
9439,37679.0,36862.616331025536
9440,36667.0,35745.492159576155
9441,34622.0,30290.808450891764
9442,26660.0,27093.90366364222
9443,22872.0,19607.221042929294
9444,20207.0,24527.229902233015
9445,55355.0,41124.802614039945
9446,22330.0,27057.258344821646
9447,13320.0,15003.104348905536
9448,26051.0,26266.263702819622
9449,34032.0,33405.14933339662
9450,22735.0,33220.54492763896
9451,36416.0,33401.174036985205
9452,28958.0,31586.528468199263
9453,19141.0,18031.574282709127
9454,18824.0,24045.003272140504
9455,36662.0,32190.727069494085
9456,17334.0,18031.574282709127
9457,14213.0,15331.726890276786
9458,11652.0,14203.108890481977
9459,16525.0,15896.73045451056
9460,27199.0,25828.192357059033
9461,24440.0,28267.681176296122
9462,31888.0,31166.401476948726
9463,50000.0,38496.989596563064
9464,13118.0,13022.58344141271
9465,21585.0,24722.474499426015
9466,29967.0,34030.359612042485
9467,20043.0,17213.001508158733
9468,20815.0,21566.968377455883
9469,19852.0,22847.14421946612
9470,22149.0,19745.273642159253
9471,31751.0,29742.45047436699
9472,25150.0,30362.14362967312
9473,24866.0,27399.834370432567
9474,37057.0,31166.401476948726
9475,23408.0,22806.616197241823
9476,2708.0,69824.48304820184
9477,35707.0,30768.533693178957
9478,28711.0,25334.520252658273
9479,13771.0,16027.832771574023
9480,44508.0,50032.581313290895
9481,10949.0,11827.70008116883
9482,39505.0,33711.30529001668
9483,10217.0,12548.88329272414
9484,16864.0,15896.73045451056
9485,27663.0,26266.263702819622
9486,18996.0,22125.84864267488
9487,36795.0,36243.57619653748
